[
  {
    "titulo": "SSD Kingston 480GB",
    "descricao": "Velocidade e desempenho para seu PC.",
    "imagem": "https://images8.kabum.com.br/produtos/fotos/85198/ssd-kingston-a400-480gb-sata-leitura-500mb-s-gravacao-450mb-s-sa400s37-480g_1629133546_gg.jpg",
    "link": "https://www.awin1.com/cread.php?awinmid=17729&awinaffid=2555563&ued=https%3A%2F%2Fwww.kabum.com.br%2Fproduto%2F85198%2Fssd-kingston-a400-480gb-sata-iii-2-5-leitura-500mb-s-gravacao-450mb-s-preto-sa400s37-480g",
    "botao": "Comprar",
    "categoria": "Armazenamento e SSDs"
  },
  {
    "titulo": "Hd Externo Slim Hdd Portátil 1TB Usb 3.0 Ps4 Ps5 XBOX PC Opl - Toshiba, Wd, Samsung, Seagate",
    "descricao": "Armazene seus arquivos com segurança.",
    "imagem": "https://images2.kabum.com.br/produtos/fotos/sync_mirakl/956852/xlarge/Hd-Externo-Slim-Hdd-Port-til-1TB-Usb-3-0-Ps4-Ps5-XBOX-PC-Opl-Toshiba-Wd-Samsung-Seagate_1765543140.png",
    "link": "https://www.awin1.com/cread.php?awinmid=17729&awinaffid=2555563&ued=https%3A%2F%2Fwww.kabum.com.br%2Fproduto%2F956852%2Fhd-externo-slim-hdd-portatil-1tb-usb-3-0-ps4-ps5-xbox-pc-opl-toshiba-wd-samsung-seagate",
    "botao": "Comprar",
    "categoria": "Armazenamento e SSDs"
  },
  {
    "titulo": "Headset Gamer HyperX",
    "descricao": "Som imersivo com microfone de alta qualidade.",
    "imagem": "https://images0.kabum.com.br/produtos/fotos/461160/headset-gamer-hyperx-cloud-stinger-2-drivers-50mm-preto-519t1aa_1689972862_gg.jpg",
    "link": "https://www.awin1.com/cread.php?awinmid=17729&awinaffid=2555563&ued=https%3A%2F%2Fwww.kabum.com.br%2Fproduto%2F461160%2Fheadset-gamer-hyperx-cloud-stinger-2-drivers-50mm-p3-preto-519t1aa",
    "botao": "Comprar",
    "categoria": "Periféricos Gamer"
  },
  {
    "titulo": "Mouse Gamer Logitech G502",
    "descricao": "Precisão e performance para jogos competitivos.",
    "imagem": "https://images4.kabum.com.br/produtos/fotos/98244/mouse-gamer-logitech-g502-hero-com-rgb-lightsync-ajustes-de-peso-11-botoes-programaveis-sensor-hero-25k-910-005550_1630676372_gg.jpg",
    "link": "https://www.awin1.com/cread.php?awinmid=17729&awinaffid=2555563&ued=https%3A%2F%2Fwww.kabum.com.br%2Fproduto%2F98244%2Fmouse-gamer-logitech-g502-hero-com-rgb-lightsync-ajustes-de-peso-11-botoes-programaveis-sensor-hero-25k-910-005550",
    "botao": "Comprar",
    "categoria": "Periféricos Gamer"
  },
  {
    "titulo": "Xbox Series S",
    "descricao": "Console compacto e poderoso.",
    "imagem": "https://images9.kabum.com.br/produtos/fotos/sync_mirakl/200089/xlarge/Console-Microsoft-Xbox-Series-S-512GB-Branco-RRS-00006_1769091528.jpg",
    "link": "https://www.awin1.com/cread.php?awinmid=17729&awinaffid=2555563&ued=https%3A%2F%2Fwww.kabum.com.br%2Fproduto%2F200089%2Fconsole-microsoft-xbox-series-s-512gb-branco-rrs-00006",
    "botao": "Comprar",
    "categoria": "Consoles e Acessórios"
  },
  {
    "titulo": "Controle DualSense PS5",
    "descricao": "Experiência imersiva com feedback háptico.",
    "imagem": "https://images1.kabum.com.br/produtos/fotos/161471/controle-sem-fio-dualsense-midnight-black-ps5-pre-venda_1621439694_gg.jpg",
    "link": "https://www.awin1.com/cread.php?awinmid=17729&awinaffid=2555563&ued=https%3A%2F%2Fwww.kabum.com.br%2Fproduto%2F161471%2Fcontrole-sony-dualsense-ps5-sem-fio-midnight-black-3006452",
    "botao": "Comprar",
    "categoria": "Consoles e Acessórios"
  },
  {
    "titulo": "Placa de Vídeo RTX 3060 HUSKY",
    "descricao": "Desempenho incrível para games e criação.",
    "imagem": "https://images3.kabum.com.br/produtos/fotos/692463/placa-de-video-husky-alpha-rtx-3060-12gb-gddr6-192-bit-ray-tracing-dlss-3584-cuda-pcie-4-0-hvg3060_1762344948_gg.jpg",
    "link": "https://www.awin1.com/cread.php?awinmid=17729&awinaffid=2555563&ued=https%3A%2F%2Fwww.kabum.com.br%2Fproduto%2F692463%2Fplaca-de-video-husky-alpha-rtx-3060-12gb-gddr6-192-bit-ray-tracing-dlss-3584-cuda-pcie-4-0-hvg3060",
    "botao": "Comprar",
    "categoria": "Hardware em Destaque"
  },
  {
    "titulo": "Processador Intel i7 12700K",
    "descricao": "Potência para multitarefas e jogos pesados. (Poucas Unidades)",
    "imagem": "https://images7.kabum.com.br/produtos/fotos/283717/processador-intel-core-i7-12700f-cache-xmb-xghz-xghz-max-turbo-lga-1700-bx8071512700f_1640093433_gg.jpg",
    "link": "https://www.awin1.com/cread.php?awinmid=17729&awinaffid=2555563&ued=https%3A%2F%2Fwww.kabum.com.br%2Fproduto%2F283717%2Fprocessador-intel-core-i7-12700f-2-1ghz-4-9ghz-max-turbo-cache-25mb-lga-1700-bx8071512700f",
    "botao": "Comprar",
    "categoria": "Hardware em Destaque"
  },
  {
    "titulo": "Monitor Gamer LG Ultrawide",
    "descricao": "Mais espaço e imersão para produtividade e jogos.",
    "imagem": "https://images8.kabum.com.br/produtos/fotos/472908/monitor-gamer-lg-ultragear-lg-34-curvo-led-wqhd-ultrawide-160hz-1ms-displayport-e-hdmi-amd-freesync-premium-hdr10-99-srgb-34gp63a-b_1717591886_gg.jpg",
    "link": "https://www.awin1.com/cread.php?awinmid=17729&awinaffid=2555563&ued=https%3A%2F%2Fwww.kabum.com.br%2Fproduto%2F472908%2Fmonitor-gamer-curvo-lg-ultragear-34-2k-wqhd-ultrawide-160hz-1ms-freesync-premium-hdr10-som-integrado-34gp63a-b",
    "botao": "Comprar",
    "categoria": "Monitores e Displays"
  },
  {
    "titulo": "Suporte Ajustável para Monitor",
    "descricao": "Ergonomia e conforto para sua estação de trabalho.",
    "imagem": "https://images7.kabum.com.br/produtos/fotos/480117/suporte-de-mesa-ajustavel-com-pistao-a-gas-para-monitor-pix-17-a-35-preto-px-h80_1696000373_gg.jpg",
    "link": "https://www.awin1.com/cread.php?awinmid=17729&awinaffid=2555563&ued=https%3A%2F%2Fwww.kabum.com.br%2Fproduto%2F480117%2Fsuporte-de-mesa-ajustavel-com-pistao-a-gas-para-monitor-pix-17-a-35-preto-px-h80",
    "botao": "Comprar",
    "categoria": "Monitores e Displays"
  },
  {
    "titulo": "Roteador Mesh WiFi TP-Link, Gigabit, Dual-Band, AC1200 - Deco M4",
    "descricao": "Wi-Fi 6 para máxima velocidade e estabilidade.",
    "imagem": "https://images5.kabum.com.br/produtos/fotos/498235/roteador-mesh-wifi-tp-link-gigabit-dual-band-ac1200-deco-m4_1696868659_gg.jpg",
    "link": "https://www.awin1.com/cread.php?awinmid=17729&awinaffid=2555563&ued=https%3A%2F%2Fwww.kabum.com.br%2Fproduto%2F498235%2Froteador-mesh-wifi-tp-link-gigabit-dual-band-ac1200-deco-m4",
    "botao": "Comprar",
    "categoria": "Redes e Conectividade"
  },
  {
    "titulo": "Adaptador USB Wi-Fi",
    "descricao": "Conectividade rápida para qualquer PC.",
    "imagem": "https://images8.kabum.com.br/produtos/fotos/sync_mirakl/245068/Antena-Wi-fi-Adaptador-Wireless-USB-1200mbps-802-iin_1683026935_gg.jpg",
    "link": "https://www.awin1.com/cread.php?awinmid=17729&awinaffid=2555563&ued=https%3A%2F%2Fwww.kabum.com.br%2Fproduto%2F245068%2Fantena-wi-fi-adaptador-wireless-usb-1200mbps-802-iin",
    "botao": "Comprar",
    "categoria": "Redes e Conectividade"
  },
  {
    "titulo": "Smartphone Samsung Galaxy S22",
    "descricao": "Tecnologia de ponta com câmera avançada.",
    "imagem": "https://images0.kabum.com.br/produtos/fotos/sync_mirakl/328870/xlarge/Smartphone-Samsung-Galaxy-S22-128GB-5G-C-mera-Tripla-50MP-Selfie-10MP-RAM-8GB-Tela-6-1-_1745332866.jpg",
    "link": "https://www.awin1.com/cread.php?awinmid=17729&awinaffid=2555563&ued=https%3A%2F%2Fwww.kabum.com.br%2Fproduto%2F328870%2Fsmartphone-samsung-galaxy-s22-128gb-5g-camera-tripla-50mp-selfie-10mp-ram-8gb-tela-6-1",
    "botao": "Comprar",
    "categoria": "Smartphones e Tablets"
  },
  {
    "titulo": "Tablet Apple iPad Air",
    "descricao": "Performance e versatilidade para trabalho e lazer.",
    "imagem": "https://images7.kabum.com.br/produtos/fotos/sync_mirakl/952197/xlarge/Tablet-Apple-Ipad-Air-2025-Com-Tela-Liquid-Retina-De-11-Chip-M3-256gb-Cor-blue_1762362226.jpg",
    "link": "https://www.awin1.com/cread.php?awinmid=17729&awinaffid=2555563&ued=https%3A%2F%2Fwww.kabum.com.br%2Fproduto%2F952197%2Ftablet-apple-ipad-air-2025-com-tela-liquid-retina-de-11-chip-m3-256gb-cor-blue",
    "botao": "Comprar",
    "categoria": "Smartphones e Tablets"
  },
  {
    "titulo": "Caixa de Som JBL Flip 6",
    "descricao": "Som potente e portátil para qualquer ocasião.",
    "imagem": "https://images1.kabum.com.br/produtos/fotos/sync_mirakl/326431/xlarge/Caixa-De-Som-Port-til-JBL-Flip-6-Bluetooth-20W-RMS-Prova-D-gua-12-Hrs-de-Bateria-Preto_1769091532.jpg",
    "link": "https://www.awin1.com/cread.php?awinmid=17729&awinaffid=2555563&ued=https%3A%2F%2Fwww.kabum.com.br%2Fproduto%2F326431%2Fcaixa-de-som-portatil-jbl-flip-6-bluetooth-20w-rms-a-prova-d-agua-12-hrs-de-bateria-preto",
    "botao": "Comprar",
    "categoria": "Áudio e Som"
  },
  {
    "titulo": "Fone De Ouvido Sony Bluetooth Wh-1000xm6 Headphone Over-ear Bege Oem - Wh-1000xm5s",
    "descricao": "Cancelamento de ruído líder no mercado.",
    "imagem": "https://images8.kabum.com.br/produtos/fotos/sync_mirakl/933268/xlarge/Fone-De-Ouvido-Sony-Bluetooth-Wh-1000xm6-Headphone-Over-ear-Bege-Oem-Wh-1000xm5s_1758279892.jpg",
    "link": "https://www.awin1.com/cread.php?awinmid=17729&awinaffid=2555563&ued=https%3A%2F%2Fwww.kabum.com.br%2Fproduto%2F638285%2Ffone-de-ouvido-sony-bluetooth-wh-1000xm5s-headphone-over-ear-cancelamento-de-ruido-bege-oem-wh-1000xm5s",
    "botao": "Comprar",
    "categoria": "Áudio e Som"
  }
]


